company_id,metric_type,original_text
ABB,compounded_sales_growth,9.72
ABB,compounded_profit_growth,21.69
ADANIENSOL,compounded_sales_growth,17.85
ADANIENSOL,compounded_profit_growth,16.43
ADANIENT,compounded_sales_growth,19.02
ADANIENT,compounded_profit_growth,45.81
ADANIGREEN,compounded_sales_growth,34.98
ADANIPORTS,compounded_sales_growth,24.91
ADANIPORTS,compounded_profit_growth,27.91
ADANIPOWER,compounded_sales_growth,16.09
AMBUJACEM,compounded_sales_growth,4.11
AMBUJACEM,compounded_profit_growth,8.08
APOLLOHOSP,compounded_sales_growth,14.66
APOLLOHOSP,compounded_profit_growth,36.13
ASIANPAINT,compounded_sales_growth,13.03
ASIANPAINT,compounded_profit_growth,20.28
ATGL,compounded_sales_growth,21.09
ATGL,compounded_profit_growth,23.88
AXISBANK,compounded_sales_growth,14.74
AXISBANK,compounded_profit_growth,39.67
BAJAJ-AUTO,compounded_sales_growth,8.13
BAJAJ-AUTO,compounded_profit_growth,9.36
BAJAJFINSV,compounded_sales_growth,20.97
BAJAJFINSV,compounded_profit_growth,23.75
BAJAJHLDNG,compounded_sales_growth,31.61
BAJAJHLDNG,compounded_profit_growth,19.3
BAJFINANCE,compounded_sales_growth,24.35
BAJFINANCE,compounded_profit_growth,29.32
BANKBARODA,compounded_sales_growth,17.48
BANKBARODA,compounded_profit_growth,74.51
BEL,compounded_sales_growth,10.75
BEL,compounded_profit_growth,16.13
BHARTIARTL,compounded_sales_growth,13.17
BHARTIARTL,compounded_profit_growth,38.36
BHEL,compounded_sales_growth,-4.73
BHEL,compounded_profit_growth,-22.4
BOSCHLTD,compounded_sales_growth,6.72
BOSCHLTD,compounded_profit_growth,9.28
BPCL,compounded_sales_growth,8.48
BPCL,compounded_profit_growth,25.79
BRITANNIA,compounded_sales_growth,8.69
BRITANNIA,compounded_profit_growth,13.06
CANBK,compounded_sales_growth,18.18
CANBK,compounded_profit_growth,85.78
CHOLAFIN,compounded_sales_growth,21.94
CHOLAFIN,compounded_profit_growth,23.36
CIPLA,compounded_sales_growth,9.51
CIPLA,compounded_profit_growth,22.73
COALINDIA,compounded_sales_growth,7.4
COALINDIA,compounded_profit_growth,16.43
DABUR,compounded_sales_growth,7.81
DABUR,compounded_profit_growth,4.6
DIVISLAB,compounded_sales_growth,9.66
DIVISLAB,compounded_profit_growth,3.41
DLF,compounded_sales_growth,-5.14
DLF,compounded_profit_growth,15.7
DMART,compounded_sales_growth,20.48
DMART,compounded_profit_growth,22.97
DRREDDY,compounded_sales_growth,12.64
DRREDDY,compounded_profit_growth,23.39
EICHERMOT,compounded_sales_growth,11.04
EICHERMOT,compounded_profit_growth,12.68
GAIL,compounded_sales_growth,11.83
GAIL,compounded_profit_growth,8.61
GODREJCP,compounded_sales_growth,6.45
GRASIM,compounded_sales_growth,11.15
GRASIM,compounded_profit_growth,29.31
HAL,compounded_sales_growth,8.71
HAL,compounded_profit_growth,26.49
HAVELLS,compounded_sales_growth,13.04
HAVELLS,compounded_profit_growth,10.03
HCLTECH,compounded_sales_growth,12.71
HCLTECH,compounded_profit_growth,9.19
HDFCBANK,compounded_sales_growth,21.95
HDFCBANK,compounded_profit_growth,23.87
HDFCLIFE,compounded_sales_growth,21.17
HDFCLIFE,compounded_profit_growth,4.25
HEROMOTOCO,compounded_sales_growth,2.15
HEROMOTOCO,compounded_profit_growth,1.54
HINDALCO,compounded_sales_growth,10.59
HINDALCO,compounded_profit_growth,13.07
HINDUNILVR,compounded_sales_growth,9.5
HINDUNILVR,compounded_profit_growth,11.15
ICICIBANK,compounded_sales_growth,17.25
ICICIBANK,compounded_profit_growth,51.95
ICICIGI,compounded_sales_growth,12.91
ICICIGI,compounded_profit_growth,12.84
ICICIPRULI,compounded_sales_growth,16.85
ICICIPRULI,compounded_profit_growth,-5.66
INDIGO,compounded_sales_growth,19.31
INDIGO,compounded_profit_growth,120.69
INDUSINDBK,compounded_sales_growth,15.5
INDUSINDBK,compounded_profit_growth,22.08
INFY,compounded_sales_growth,13.2
INFY,compounded_profit_growth,11.24
IOC,compounded_sales_growth,8.01
IOC,compounded_profit_growth,20.1
IRCTC,compounded_sales_growth,17.96
IRCTC,compounded_profit_growth,29.17
IRFC,compounded_sales_growth,19.07
IRFC,compounded_profit_growth,23.25
ITC,compounded_sales_growth,7.95
ITC,compounded_profit_growth,10.08
JINDALSTEL,compounded_sales_growth,1.4
JSWENERGY,compounded_sales_growth,4.68
JSWENERGY,compounded_profit_growth,20.32
JSWSTEEL,compounded_sales_growth,15.6
JSWSTEEL,compounded_profit_growth,3.59
KOTAKBANK,compounded_sales_growth,13.52
KOTAKBANK,compounded_profit_growth,20.38
LICI,compounded_sales_growth,8.16
LICI,compounded_profit_growth,73.18
LODHA,compounded_sales_growth,-2.83
LODHA,compounded_profit_growth,-1.12
LT,compounded_sales_growth,10.34
LT,compounded_profit_growth,8.76
LTIM,compounded_sales_growth,30.33
LTIM,compounded_profit_growth,24.78
M&M,compounded_sales_growth,5.84
M&M,compounded_profit_growth,15.32
MARUTI,compounded_sales_growth,10.51
MARUTI,compounded_profit_growth,12.01
MOTHERSON,compounded_sales_growth,9.21
MOTHERSON,compounded_profit_growth,7.56
NAUKRI,compounded_sales_growth,17.12
NAUKRI,compounded_profit_growth,0.1
NESTLEIND,compounded_sales_growth,14.55
NESTLEIND,compounded_profit_growth,14.85
NHPC,compounded_sales_growth,1.4
NHPC,compounded_profit_growth,7.27
NTPC,compounded_sales_growth,12.22
NTPC,compounded_profit_growth,8.74
ONGC,compounded_sales_growth,7.0
ONGC,compounded_profit_growth,10.97
PFC,compounded_sales_growth,11.08
PFC,compounded_profit_growth,15.92
PIDILITIND,compounded_sales_growth,11.84
PIDILITIND,compounded_profit_growth,13.49
PNB,compounded_sales_growth,15.9
POWERGRID,compounded_sales_growth,5.51
POWERGRID,compounded_profit_growth,9.19
RECLTD,compounded_sales_growth,13.34
RECLTD,compounded_profit_growth,19.76
RELIANCE,compounded_sales_growth,9.61
RELIANCE,compounded_profit_growth,14.68
SBILIFE,compounded_sales_growth,24.23
SBILIFE,compounded_profit_growth,7.37
SBIN,compounded_sales_growth,11.63
SBIN,compounded_profit_growth,83.41
SHREECEM,compounded_sales_growth,10.33
SHREECEM,compounded_profit_growth,11.29
SHRIRAMFIN,compounded_sales_growth,18.56
SHRIRAMFIN,compounded_profit_growth,23.49
SIEMENS,compounded_sales_growth,11.19
SIEMENS,compounded_profit_growth,19.85
SUNPHARMA,compounded_sales_growth,10.78
SUNPHARMA,compounded_profit_growth,24.54
TATACONSUM,compounded_sales_growth,15.96
TATACONSUM,compounded_profit_growth,21.6
TATAMOTORS,compounded_sales_growth,7.72
TATAPOWER,compounded_sales_growth,15.51
TATAPOWER,compounded_profit_growth,10.43
TATASTEEL,compounded_sales_growth,7.77
TCS,compounded_sales_growth,10.46
TCS,compounded_profit_growth,7.87
TECHM,compounded_sales_growth,8.4
TECHM,compounded_profit_growth,-10.99
TITAN,compounded_sales_growth,20.9
TITAN,compounded_profit_growth,20.27
TORNTPHARM,compounded_sales_growth,6.93
TORNTPHARM,compounded_profit_growth,30.59
TRENT,compounded_sales_growth,36.31
TRENT,compounded_profit_growth,73.11
TVSMOTOR,compounded_sales_growth,14.19
TVSMOTOR,compounded_profit_growth,19.67
ULTRACEMCO,compounded_sales_growth,11.33
ULTRACEMCO,compounded_profit_growth,23.89
UNIONBANK,compounded_sales_growth,23.95
UNITDSPR,compounded_sales_growth,3.92
UNITDSPR,compounded_profit_growth,15.53
VBL,compounded_sales_growth,25.74
VBL,compounded_profit_growth,47.61
VEDL,compounded_sales_growth,9.32
VEDL,compounded_profit_growth,-4.91
WIPRO,compounded_sales_growth,8.75
WIPRO,compounded_profit_growth,4.26
ZOMATO,compounded_sales_growth,55.96
ZYDUSLIFE,compounded_sales_growth,8.22
ZYDUSLIFE,compounded_profit_growth,15.91
